Year,Semester,Campus,College,CourseNumber,CourseCode,CourseName,ProfessorName,ProfessorID,Survey1,Survey2,Survey3,Survey4,Survey5,Survey6,Survey7,Survey8,GroupCode
2024,1학기,자연캠퍼스,방목기초교육대학,231,KMC02131,동서양미술과미학,한지*,**110518,3,5,5,5,5,5,5,-,KMC02131-0231
2024,1학기,인문캠퍼스,방목기초교육대학,5262,KMA02144,한국어연습2,홍혜*,**040203,3,3,3,3,3,3,3,,KMA02144-5262
2024,1학기,인문캠퍼스,대학,5882,HBX01143,운영관리,노승*,**030036,3,3,3,3,3,3,3,,HBX01143-5882
2024,1학기,인문캠퍼스,대학,5855,HBX01127,국제경영학,성기*,**190021,2,2,4,2,3,3,3,,HBX01127-5855
2024,1학기,인문캠퍼스,대학,5845,HBX01120,ERP개론,강성*,**100099,4,4,4,4,4,4,5,단계 별로 천천히 진도 나가주셔서 감사드립니다.,HBX01120-5845
2024,1학기,인문캠퍼스,ICT융합대학,6189,HED01206,기초웹프로그래밍,박주*,**200270,4,4,4,4,4,4,5,,HED01206-6189
2024,1학기,인문캠퍼스,대학,5880,HBX01140,경영전략론,정의*,**120073,3,3,3,3,3,3,3,없습니다,HBX01140-5880
2024,1학기,자연캠퍼스,방목기초교육대학,217,KMA02162,파이썬을활용한데이터분석과인공지능,유충*,**893002,5,5,5,5,5,5,5,,KMA02162-0217
2024,1학기,자연캠퍼스,방목기초교육대학,268,KME02103,공학수학1,김한*,**050172,1,2,1,3,2,1,1,,KME02103-0268
2024,1학기,인문캠퍼스,방목기초교육대학,5277,KMA02154,외국인학생을위한컴퓨터활용,김영*,**150069,4,4,3,3,3,3,3,좋습니다,KMA02154-5277
2024,1학기,인문캠퍼스,방목기초교육대학,5269,KMA02149,한국어3,김소*,**140958,4,5,4,5,4,4,4,없다,KMA02149-5269
2024,1학기,인문캠퍼스,방목기초교육대학,5035,KMA02102,현대사회와기독교윤리,오화*,**130067,4,5,4,4,4,5,4,,KMA02102-5035
2024,1학기,자연캠퍼스,자연과학대학,551,JDE01211,미생물학1,이상*,**030639,5,5,5,5,5,5,5,,JDE01211-0551
2024,1학기,인문캠퍼스,방목기초교육대학,5073,KMA02106,영어1,홍유*,**010002,5,5,5,5,5,5,5,고등학교 내신 수업이라 듣기 편하고 좋아요!,KMA02106-5073
2024,1학기,인문캠퍼스,방목기초교육대학,5336,KMC02227,인류문명과기록문화로의여행,김영*,**050135,5,5,5,5,5,5,5,,KMC02227-5336
2024,1학기,자연캠퍼스,공과대학,796,JEJ02447,소프트웨어공학,김성*,**240062,4,4,3,3,4,4,3,,JEJ02447-0796
2024,1학기,인문캠퍼스,경영대학,5906,HCA02442,마케팅전략,김민*,**240050,3,3,3,3,3,3,3,,HCA02442-5906
2024,1학기,자연캠퍼스,예술체육대학,935,JFC02325,전문실기5,노갑*,**942002,5,5,5,5,5,5,5,,JFC02325-0935
2024,1학기,인문캠퍼스,사회과학대학,5808,HBF01235,긍정심리학과커뮤니케이션,김경*,**150378,5,5,5,4,4,4,4,,HBF01235-5808
2024,1학기,자연캠퍼스,대학,1252,JEA00316,제어및AI입문,손영*,**030104,2,3,4,4,4,4,3,"반복이 많아 초반에 놓쳐도 이해하기 좋다, 중간중간 내용 설명을 위한 내용으로 집중이 흐려지기도 한다. ",JEA00316-1252
2024,1학기,자연캠퍼스,방목기초교육대학,116,KMA02113,세계화와사회변화,이옥*,**180037,2,4,4,3,5,5,4,,KMA02113-0116
2024,1학기,인문캠퍼스,방목기초교육대학,5306,KMB02125,창조적상상력과인간,안주*,**170072,5,5,5,5,5,5,5,,KMB02125-5306
2024,1학기,인문캠퍼스,방목기초교육대학,5147,KMA02110,철학과인간,권향*,**140714,3,4,4,4,4,4,4,,KMA02110-5147
2024,1학기,인문캠퍼스,사회과학대학,5797,HBF01106,글로벌커뮤니케이션,장석*,**130044,3,4,4,4,5,5,4,,HBF01106-5797
2024,1학기,자연캠퍼스,방목기초교육대학,155,KMA02128,글로벌문화,조수*,**150140,3,3,3,3,3,3,3,없습니다,KMA02128-0155
2024,1학기,자연캠퍼스,자연과학대학,488,JDA01282,조합및그래프이론,윤갑*,**961307,5,5,5,5,5,5,5,,JDA01282-0488
2024,1학기,인문캠퍼스,미래융합대학,6115,HFS01210,헌법입문,석호*,**200095,5,5,5,5,5,5,5,,HFS01210-6115
2024,1학기,인문캠퍼스,방목기초교육대학,5160,KMA02112,역사와문명,이택*,**230252,3,3,3,3,3,3,3,,KMA02112-5160
2024,1학기,인문캠퍼스,인문대학,5543,HAB01250,멀티미디어영어,스와*,**180442,3,4,4,4,4,4,5,No,HAB01250-5543
2024,1학기,인문캠퍼스,미래융합대학,6081,HFL01207,회계원리,김기*,**050632,3,3,3,3,3,3,3,,HFL01207-6081
2024,1학기,자연캠퍼스,국제학부,1216,JHA01102,경영학원론,유단*,**190107,5,5,5,5,5,5,5,,JHA01102-1216
2024,1학기,인문캠퍼스,인문대학,5617,HAF01223,디지털정보처리론,이한*,**200256,2,5,5,4,5,5,5,,HAF01223-5617
2024,1학기,자연캠퍼스,예술체육대학,3026,JFC04332,스포츠경기분석,김주*,**010015,4,4,4,4,4,4,4,,JFC04332-3026
2024,1학기,인문캠퍼스,방목기초교육대학,5277,KMA02154,외국인학생을위한컴퓨터활용,김영*,**150069,3,3,3,3,3,3,3,보통,KMA02154-5277
2024,1학기,인문캠퍼스,방목기초교육대학,5472,KMO02111,교양볼링,임란*,**004029,3,3,3,3,3,3,3,없다,KMO02111-5472
2024,1학기,인문캠퍼스,방목기초교육대학,5351,KMD02107,경상통계학,박응*,**230058,3,5,3,5,5,4,5,,KMD02107-5351
2024,1학기,자연캠퍼스,공과대학,629,JEB01441,반도체공정,김가*,**190374,3,3,3,3,3,3,3,,JEB01441-0629
2024,1학기,자연캠퍼스,대학,1235,JEA00100,공학입문설계,김상*,**901990,4,3,3,3,4,4,3,없음,JEA00100-1235
2024,1학기,인문캠퍼스,ICT융합대학,6000,HEC01318,모바일프로그래밍,김선*,**240038,5,3,3,4,3,3,3,,HEC01318-6000
2024,1학기,인문캠퍼스,인문대학,5532,HAA01343,국어생활과어문규범,조남*,**140006,3,4,4,3,3,4,4,없습니다,HAA01343-5532
2024,1학기,자연캠퍼스,ICT융합대학,661,JEC02350,모바일프로그래밍,김성*,**040029,2,3,2,4,3,2,3,수업 진도가 너무 빨라요 .. ,JEC02350-0661
2024,1학기,자연캠퍼스,공과대학,710,JEF02227,재료과학및공학1,남승*,**230309,3,2,2,3,4,4,4,,JEF02227-0710
2024,1학기,자연캠퍼스,방목기초교육대학,289,KME02111,물리학1,노태*,**010269,4,4,4,4,4,5,5,,KME02111-0289
2024,1학기,인문캠퍼스,방목기초교육대학,5082,KMA02106,영어1,황은*,**150063,2,2,3,3,2,2,2,,KMA02106-5082
2024,1학기,인문캠퍼스,인문대학,5703,HAL01219,서양고전미술사1,김호*,**140091,4,5,5,3,4,5,5,,HAL01219-5703
2024,1학기,자연캠퍼스,공과대학,692,JEE01437,분리공정,이효*,**210270,4,4,4,4,4,4,4,,JEE01437-0692
2024,1학기,자연캠퍼스,ICT융합대학,664,JEC02390,확률및랜덤프로세스,김인*,**951350,4,4,4,4,4,4,4,,JEC02390-0664
2024,1학기,자연캠퍼스,방목기초교육대학,66,KMA02106,영어1,이보*,**150062,5,5,5,5,5,5,5,,KMA02106-0066
2024,1학기,인문캠퍼스,방목기초교육대학,5249,KMA02141,4차산업혁명과미래사회진로선택,오지*,**230021,5,5,5,5,5,5,5,,KMA02141-5249
2024,1학기,인문캠퍼스,방목기초교육대학,5336,KMC02227,인류문명과기록문화로의여행,김영*,**050135,3,3,3,3,3,3,3,강의 내용이 흥미롭습니다.,KMC02227-5336
2024,1학기,인문캠퍼스,방목기초교육대학,5085,KMA02107,영어2,김명*,**993913,3,2,2,2,4,3,2,,KMA02107-5085
2024,1학기,인문캠퍼스,대학,5829,HBX01104,회계원리,이수*,**030176,3,3,3,3,3,3,3,,HBX01104-5829
2024,1학기,인문캠퍼스,방목기초교육대학,5252,KMA02141,4차산업혁명과미래사회진로선택,박준*,**210021,3,5,5,5,5,5,5,,KMA02141-5252
2024,1학기,인문캠퍼스,대학,5864,HBX01131,서비스운영관리,노용*,**130012,4,4,4,4,4,4,4,,HBX01131-5864
2024,1학기,인문캠퍼스,ICT융합대학,6012,HED01301,소프트웨어공학,이강*,**001305,3,3,3,3,3,3,3,,HED01301-6012
2024,1학기,인문캠퍼스,방목기초교육대학,6243,KMD02168,현대한국정치의쟁점,윤종*,**020061,3,4,4,3,4,4,4,,KMD02168-6243
2024,1학기,자연캠퍼스,공과대학,819,JEN02403,환경영향평가,이창*,**050667,4,5,4,3,5,5,5,,JEN02403-0819
2024,1학기,인문캠퍼스,인문대학,5637,HAG01323,중급아랍어회화2,아흐*,**080118,3,4,4,4,4,5,5,,HAG01323-5637
2024,1학기,인문캠퍼스,사회과학대학,5778,HBE01236,한국경제사,김두*,**130008,3,3,4,4,3,4,4,,HBE01236-5778
2024,1학기,자연캠퍼스,ICT융합대학,651,JEC02279,고급C언어,박현*,**200045,5,5,5,5,5,5,5,,JEC02279-0651
2024,1학기,인문캠퍼스,방목기초교육대학,6187,KML02122,영화제작에대해알고싶은모든것(KCU),이규*,**030092,3,3,3,3,3,3,3,,KML02122-6187
2024,1학기,자연캠퍼스,방목기초교육대학,390,KMI02101,C언어,최옥*,**150398,5,5,5,5,5,5,5,,KMI02101-0390
2024,1학기,자연캠퍼스,공과대학,889,JEP01444,반도체공정개론,김도*,**120694,3,4,4,3,4,3,3,,JEP01444-0889
2024,1학기,자연캠퍼스,방목기초교육대학,115,KMA02113,세계화와사회변화,나영*,**140083,4,5,5,5,5,5,5,없습니다,KMA02113-0115
2024,1학기,자연캠퍼스,방목기초교육대학,15,KMA02101,채플,교목*,**170528,5,5,5,5,5,5,5,항상 좋은 컨텐츠로 함께 해주셔서 감사드립니다.,KMA02101-0015
2024,1학기,자연캠퍼스,공과대학,744,JEH01482,캡스톤디자인1,장민*,**190378,5,5,5,5,5,5,5,,JEH01482-0744
2024,1학기,인문캠퍼스,방목기초교육대학,5018,KMA02101,채플,교목*,**180219,3,4,4,3,4,4,5,,KMA02101-5018
2024,1학기,인문캠퍼스,방목기초교육대학,5296,KMB02107,인간심리의이해,김지*,**160374,3,2,2,3,3,1,1,동영상 강의인만큼 본인의 전달하고자 하는 말을 충분히 다듬을 수 있다고 생각되는데 지속적으로 말을 더듬는등 무엇을 말하고자 하는지 알아 듣기가 어렵다,KMB02107-5296
2024,1학기,인문캠퍼스,방목기초교육대학,5130,KMA02108,영어회화1,오세*,**030672,2,3,3,2,3,3,3,,KMA02108-5130
2024,1학기,인문캠퍼스,방목기초교육대학,5229,KMA02131,여성·소수자·공동체,박혜*,**220044,3,3,3,3,3,5,4,,KMA02131-5229
2024,1학기,자연캠퍼스,예술체육대학,1119,JFG04295,3Dgraphics,유형*,**010271,1,5,5,4,5,5,5,,JFG04295-1119
2024,1학기,자연캠퍼스,공과대학,854,JEP01224,열역학,최은*,**951359,2,4,4,3,4,4,4,,JEP01224-0854
2024,1학기,인문캠퍼스,방목기초교육대학,5286,KMA02159,디지털문화의이해,김윤*,**220045,4,4,4,4,4,4,4,,KMA02159-5286
2024,1학기,인문캠퍼스,방목기초교육대학,5023,KMA02101,채플,교목*,**180219,2,2,1,2,2,2,2,,KMA02101-5023
2024,1학기,자연캠퍼스,공과대학,795,JEJ02447,소프트웨어공학,문대*,**220416,4,5,3,4,5,5,5,,JEJ02447-0795
2024,1학기,자연캠퍼스,방목기초교육대학,8,KMA00101,성서와인간이해,이우*,**220438,3,3,3,3,3,3,3,없습니다.,KMA00101-0008
2024,1학기,인문캠퍼스,대학,5881,HBX01140,경영전략론,정의*,**120073,3,3,3,3,3,3,3,,HBX01140-5881
2024,1학기,인문캠퍼스,방목기초교육대학,5276,KMA02153,외국인학생을위한한국문화,이기*,**180035,5,5,5,5,5,5,5,,KMA02153-5276
2024,1학기,자연캠퍼스,공과대학,593,JEA01437,배전시스템공학,남순*,**050190,2,4,5,4,5,5,5,교수님 짱!,JEA01437-0593
2024,1학기,인문캠퍼스,방목기초교육대학,5350,KMD02107,경상통계학,노승*,**030036,3,3,3,3,3,4,4,,KMD02107-5350
2024,1학기,인문캠퍼스,방목기초교육대학,5398,KMD02158,소프트웨어시장및창업,홍종*,**001408,2,4,2,2,2,3,4,,KMD02158-5398
2024,1학기,자연캠퍼스,방목기초교육대학,48,KMA02106,영어1,김은*,**003509,3,4,4,3,4,4,4,,KMA02106-0048
2024,1학기,인문캠퍼스,인문대학,5617,HAF01223,디지털정보처리론,이한*,**200256,4,4,4,4,5,5,5,,HAF01223-5617
2024,1학기,인문캠퍼스,방목기초교육대학,5441,KMK02119,지중해문화여행,이종*,**953764,4,4,4,3,4,4,4,"교수님이 친절하고 수업 내용이 부담없어서 좋음. 지루한 년도 외우기식 역사에서 벗어나서 왜 그랬는지, 이유를 중심으로 흘러가듯이 설명하는 게 정말 좋음. ",KMK02119-5441
2024,1학기,인문캠퍼스,대학,5886,HBY01105,경영과학,박경*,**080024,4,4,4,4,4,4,4,,HBY01105-5886
2024,1학기,자연캠퍼스,공과대학,843,JEO01419,품질관리,김종*,**080032,5,5,5,5,5,5,5,,JEO01419-0843
2024,1학기,인문캠퍼스,사회과학대학,5782,HBE01335,화폐와금융,오지*,**230021,5,5,5,5,5,5,5,초반에는 진행하는 수업내용이랑 ppt 순서가 잘안맞는 느낌이 있는거 같아요 그래서 이리저리 ppt 옮기다가 수업을 놓친적이 몇번 있었어요ㅠㅠ 계산문제에 약한 편이라 교수님이 문제 같이 풀어주셔서 너무 좋았어요!! 계산문제는 앞으로 쭉 같이 풀어주셨으면 좋겠어요ㅎㅎ,HBE01335-5782
2024,1학기,자연캠퍼스,방목기초교육대학,203,KMA02147,한국어1,이유*,**220094,5,5,5,5,5,5,5,,KMA02147-0203
2024,1학기,자연캠퍼스,방목기초교육대학,10,KMA00101,성서와인간이해,홍민*,**220143,3,4,4,4,4,4,4,,KMA00101-0010
2024,1학기,인문캠퍼스,법과대학,5944,HDA01231,회사법1,이종*,**070817,2,4,2,3,4,4,4,,HDA01231-5944
2024,1학기,인문캠퍼스,방목기초교육대학,5343,KMD02102,국제정치의이해,윤홍*,**983049,4,3,4,3,3,4,4,없음.,KMD02102-5343
2024,1학기,자연캠퍼스,국제학부,1220,JHA01402,기업윤리와지속경영,동초*,**200153,5,5,5,5,5,5,5,,JHA01402-1220
2024,1학기,인문캠퍼스,사회과학대학,5774,HBE01102,시장및기업이론,이호*,**981302,3,3,3,3,3,3,3,,HBE01102-5774
2024,1학기,자연캠퍼스,방목기초교육대학,16,KMA02101,채플,교목*,**170528,2,2,3,2,2,5,2,"채플 저번년도는 초빙강사님도 많이 오시고, 힐링되는 시간이었는데.. 이번년도는 예산때문인지 조금 아쉽습니다ㅠㅠ",KMA02101-0016
2024,1학기,인문캠퍼스,인문대학,5620,HAF01317,청소년독서교육,장선*,**240049,2,5,5,5,5,5,5,,HAF01317-5620
2024,1학기,인문캠퍼스,방목기초교육대학,5281,KMA02156,문화리터러시와창의적스토리텔링,주민*,**150060,5,5,5,5,5,5,5,,KMA02156-5281
2024,1학기,자연캠퍼스,방목기초교육대학,17,KMA02101,채플,교목*,**170528,3,3,3,3,3,3,3,,KMA02101-0017
2024,1학기,인문캠퍼스,미래융합대학,6087,HFL01408,기업가정신과리더십,노정*,**140823,2,2,2,3,3,3,3,,HFL01408-6087
2024,1학기,자연캠퍼스,공과대학,863,JEP01244,CAD,박승*,**110150,5,5,5,5,5,5,5,,JEP01244-0863
2024,1학기,자연캠퍼스,공과대학,834,JEO01313,경영과학I,김경*,**190103,2,4,4,5,5,5,5,,JEO01313-0834
2024,1학기,인문캠퍼스,방목기초교육대학,5274,KMA02152,외국인학생을위한한국사회의이해,안창*,**220301,3,3,3,3,3,3,4,,KMA02152-5274
2024,1학기,인문캠퍼스,사회과학대학,5773,HBE01102,시장및기업이론,이호*,**981302,3,4,4,3,5,5,4,,HBE01102-5773
2024,1학기,인문캠퍼스,방목기초교육대학,5063,KMA02105,발표와토의,주민*,**150060,3,4,4,3,4,5,4,,KMA02105-5063
2024,1학기,자연캠퍼스,방목기초교육대학,6,KMA00101,성서와인간이해,박용*,**170217,5,5,5,5,5,5,5,,KMA00101-0006
2024,1학기,인문캠퍼스,방목기초교육대학,5024,KMA02101,채플,교목*,**180219,5,5,5,5,5,5,5,,KMA02101-5024
2024,1학기,인문캠퍼스,대학,5715,HAO00002,한국어텍스트이해,김지*,**150014,4,4,4,4,4,4,4,,HAO00002-5715
2024,1학기,인문캠퍼스,인문대학,5662,HAI01325,미학,랄프*,**110159,4,4,4,4,4,5,5,,HAI01325-5662
2024,1학기,자연캠퍼스,국제학부,1221,JHA01403,조직개발론,동초*,**200153,5,5,5,5,5,5,5,,JHA01403-1221
2024,1학기,인문캠퍼스,대학,6220,KMG02137,생활체육과운동,김옥*,**230357,3,3,3,3,4,4,3,,KMG02137-6220
2024,1학기,자연캠퍼스,공과대학,764,JEJ02211,C언어프로그래밍,조세*,**001302,3,4,4,4,4,4,5,,JEJ02211-0764
2024,1학기,인문캠퍼스,방목기초교육대학,5300,KMB02123,철학산책,김준*,**070635,4,4,4,3,4,4,4,,KMB02123-5300
2024,1학기,자연캠퍼스,방목기초교육대학,258,KME02101,미적분학1,문은*,**010007,4,5,4,4,5,5,5,,KME02101-0258
2024,1학기,자연캠퍼스,방목기초교육대학,153,KMA02127,창업입문,최원*,**190425,2,3,3,2,2,3,3,,KMA02127-0153
2024,1학기,인문캠퍼스,사회과학대학,5651,HAH01368,발달심리,조아*,**961302,5,5,5,5,5,5,5,,HAH01368-5651
2024,1학기,인문캠퍼스,방목기초교육대학,6200,KMM02181,자기경영과실전취업준비,방성*,**090150,3,4,4,4,4,4,4,,KMM02181-6200
2024,1학기,자연캠퍼스,예술체육대학,3027,JFC04341,전공실기5,노갑*,**942002,5,5,5,5,5,5,5,,JFC04341-3027
2024,1학기,인문캠퍼스,방목기초교육대학,5239,KMA02139,4차산업혁명의이해,강성*,**010009,5,5,5,5,5,4,4,,KMA02139-5239
2024,1학기,인문캠퍼스,방목기초교육대학,5022,KMA02101,채플,교목*,**180219,4,5,5,4,5,5,5,,KMA02101-5022
2024,1학기,자연캠퍼스,예술체육대학,919,JFC01239,퍼스널트레이닝,전병*,**190456,3,4,3,3,4,4,4,여러 근육들이나 운동기구 혹은 운동이름에대한 더자세한 설명이 있었으면 좋겠습니다,JFC01239-0919
2024,1학기,자연캠퍼스,ICT융합대학,659,JEC02349,신호및시스템,한승*,**001301,3,3,3,3,3,3,3,,JEC02349-0659
2024,1학기,자연캠퍼스,방목기초교육대학,122,KMA02120,환경과인간,전진*,**190110,5,5,5,5,5,5,5,,KMA02120-0122
2024,1학기,자연캠퍼스,ICT융합대학,647,JEC02201,인공지능수학,김인*,**951350,3,3,3,3,3,3,3,,JEC02201-0647
2024,1학기,자연캠퍼스,방목기초교육대학,40,KMA02105,발표와토의,구미*,**020067,2,2,1,3,3,1,2,,KMA02105-0040
2024,1학기,자연캠퍼스,방목기초교육대학,440,KMO02112,교양요가필라테스,김지*,**190068,3,3,3,4,4,4,4,너무 좋아요.,KMO02112-0440
2024,1학기,자연캠퍼스,방목기초교육대학,16,KMA02101,채플,교목*,**170528,2,3,3,2,3,3,4,없다,KMA02101-0016
2024,1학기,인문캠퍼스,인문대학,5659,HAI01279,철학의문제들,강순*,**030031,5,5,5,5,5,5,5,,HAI01279-5659
2024,1학기,인문캠퍼스,사회과학대학,5687,HAK01261,영유아사회정서지도,최수*,**230110,3,3,3,3,3,4,4,없습니다,HAK01261-5687
2024,1학기,인문캠퍼스,방목기초교육대학,5360,KMD02113,인간관계와커뮤니케이션,유성*,**180385,4,3,3,4,3,3,3,잘 듣고 있습니다 ,KMD02113-5360
2024,1학기,인문캠퍼스,경영대학,5910,HCA02507,국제학생을위한경영학개론1,전학*,**240063,2,4,4,4,5,5,4,,HCA02507-5910
2024,1학기,자연캠퍼스,방목기초교육대학,192,KMA02141,4차산업혁명과미래사회진로선택,정지*,**060016,3,3,3,3,3,3,3,,KMA02141-0192
2024,1학기,인문캠퍼스,미래융합대학,6088,HFM01103,상담심리학,안수*,**210048,4,5,5,5,5,5,5,좋은 교수님 만나 너무 재밌게 배우는 것 같아 수업이 즐겁습니다~,HFM01103-6088
2024,1학기,자연캠퍼스,방목기초교육대학,135,KMA02123,영어3,엄혜*,**010001,4,4,4,4,4,4,4,,KMA02123-0135
2024,1학기,인문캠퍼스,방목기초교육대학,5435,KMI02128,엑셀데이터활용과분석,김경*,**993101,5,5,5,5,5,5,5,,KMI02128-5435
2024,1학기,자연캠퍼스,예술체육대학,1119,JFG04295,3Dgraphics,유형*,**010271,5,5,5,5,5,5,5,,JFG04295-1119
2024,1학기,인문캠퍼스,방목기초교육대학,5416,KMH02106,일본어입문1,박성*,**180073,3,4,4,3,4,5,4,,KMH02106-5416
2024,1학기,인문캠퍼스,미래융합대학,6039,HFC01207,융복합미래도시론,순희*,**170129,5,5,5,5,5,5,5,출석만 체크하고 도망가는 사람들이 너무 많습니다.. 불이익을 주시기를 바랍니다,HFC01207-6039
2024,1학기,자연캠퍼스,방목기초교육대학,209,KMA02156,문화리터러시와창의적스토리텔링,김인*,**975210,3,3,3,3,3,3,3,늘 문화 수업 전에 3공학관에서 수업을 끝내고 와서 혹시나 공지사항이 있다면 수업 마지막이나 10분에 공지해주실 수 있을까요...? 친구가 없어서 물어볼 사람이없습니다...,KMA02156-0209
2024,1학기,자연캠퍼스,공과대학,783,JEJ02406,운영체제,류연*,**030048,3,3,3,3,3,3,3,,JEJ02406-0783
2024,1학기,인문캠퍼스,경영대학,5890,HCA02310,통합마케팅커뮤니케이션,김주*,**020849,4,5,5,5,5,5,5,늘 많이 배우고 있습니다. ,HCA02310-5890
2024,1학기,인문캠퍼스,대학,5832,HBX01105,재무관리원론,김희*,**200043,3,4,4,4,4,4,5,,HBX01105-5832
2024,1학기,인문캠퍼스,인문대학,5551,HAB01266,영미문학과신화,김용*,**598002,3,4,4,3,4,4,4,,HAB01266-5551
2024,1학기,인문캠퍼스,사회과학대학,5747,HBA01627,사회조사방법론Ⅱ,박형*,**210268,3,3,3,3,3,3,3,,HBA01627-5747
2024,1학기,인문캠퍼스,사회과학대학,5648,HAH01319,가족상담,김혜*,**120537,4,4,4,4,4,4,4,바라는 점이 없고 재밌게 듣고 있습니다.,HAH01319-5648
2024,1학기,인문캠퍼스,방목기초교육대학,5015,KMA00101,성서와인간이해,조내*,**230103,2,4,4,3,5,5,5,,KMA00101-5015
2024,1학기,인문캠퍼스,방목기초교육대학,5449,KML02121,한국문학의상상력과문화콘텐츠,최어*,**170145,3,3,4,3,4,4,4,없음.,KML02121-5449
2024,1학기,자연캠퍼스,자연과학대학,503,JDB01377,고체물리학,강치*,**020064,5,5,5,5,5,5,5,,JDB01377-0503
2024,1학기,인문캠퍼스,방목기초교육대학,5320,KMB02163,배려의행복학,김수*,**180375,3,3,4,4,4,5,4,,KMB02163-5320
2024,1학기,인문캠퍼스,미래융합대학,6089,HFM01105,놀이심리치료개론,임선*,**180012,3,3,2,2,3,1,2,,HFM01105-6089
2024,1학기,인문캠퍼스,경영대학,5906,HCA02442,마케팅전략,김민*,**240050,4,1,1,4,3,1,1,"수업 중에 대본을 사용하시면서 읽으시는 경향이 있고 강의 내용이 4학년 전공과목이라기에는 너무 기초적인 내용이라 학생들이 거의 수업을 듣지 않는 것 같습니다. 그에 반해 4학년 과목인데 학생이 해야 할 것이 너무 많은 것 같습니다.  예를 들면 조별 토의를 매주 준비해서 수행하고 케이스 발표와 IMC발표/보고서, 중간고사,기말고사 등 하나의 수업에 고려해야 할 요소가 너무 많습니다. 수업도 교재 내용과 거의 동일해 수업에 대한 동기가 저하되는 부분이 있습니다. 그리고 학생들에게 반말을 자주 하시는데 아쉬운 부분인 것 같습니다. ",HCA02442-5906
2024,1학기,인문캠퍼스,방목기초교육대학,5438,KMK02106,영화로보는역사,나영*,**160405,3,3,3,3,3,3,3,평소에 영화 보는 걸 좋아해요.  어떤 종교 장르 영화는 잘 못 읽어요.  지금 한국에 대해서 잘 모르겠어요.  ,KMK02106-5438
2024,1학기,인문캠퍼스,방목기초교육대학,5278,KMA02154,외국인학생을위한컴퓨터활용,옥정*,**020456,3,3,4,3,3,3,4,,KMA02154-5278
2024,1학기,인문캠퍼스,미래융합대학,6054,HFE01314,구매자재관리,황대*,**180231,5,5,5,5,5,5,5,,HFE01314-6054
2024,1학기,인문캠퍼스,방목기초교육대학,5389,KMD02133,ICT비즈니스와경영,하상*,**230267,1,1,3,1,3,3,2,.,KMD02133-5389
2024,1학기,인문캠퍼스,대학,6205,HBW01403,투자론2,원승*,**100038,3,4,4,3,5,5,5,,HBW01403-6205
2024,1학기,자연캠퍼스,방목기초교육대학,435,KMO02109,교양탁구,이동*,**070110,3,4,4,3,4,4,4,,KMO02109-0435
2024,1학기,인문캠퍼스,사회과학대학,5694,HAK01362,언어지도,박윤*,**230022,5,5,5,5,4,4,4,앖어요,HAK01362-5694
2024,1학기,인문캠퍼스,방목기초교육대학,5416,KMH02106,일본어입문1,박성*,**180073,3,4,4,3,4,5,4,,KMH02106-5416
2024,1학기,인문캠퍼스,방목기초교육대학,5457,KMM02142,인문지리학개론,박소*,**180031,3,3,3,3,3,3,3,,KMM02142-5457
2024,1학기,자연캠퍼스,방목기초교육대학,387,KMI02101,C언어,김제*,**150068,3,3,4,4,4,5,5,,KMI02101-0387
2024,1학기,인문캠퍼스,대학,6181,HED00201,융합R통계분석,신지*,**240046,3,4,4,3,4,4,4,좋은 수업 감사합니다!,HED00201-6181
2024,1학기,인문캠퍼스,방목기초교육대학,5022,KMA02101,채플,교목*,**180219,4,5,5,4,4,4,5,,KMA02101-5022
2024,1학기,인문캠퍼스,방목기초교육대학,5499,KMR02102,성공학특강,이영*,**110556,3,3,3,3,3,3,3,,KMR02102-5499
2024,1학기,자연캠퍼스,방목기초교육대학,1,KMA00101,성서와인간이해,김준*,**180177,1,3,4,3,3,4,4,,KMA00101-0001
2024,1학기,인문캠퍼스,사회과학대학,5797,HBF01106,글로벌커뮤니케이션,장석*,**130044,3,3,3,3,3,3,3,,HBF01106-5797
2024,1학기,인문캠퍼스,대학,5871,HBX01134,조직행동론,정의*,**120073,5,5,5,5,5,5,5,없습니다.,HBX01134-5871
2024,1학기,인문캠퍼스,방목기초교육대학,5363,KMD02114,미시경제학원론,서윤*,**995038,3,3,3,3,3,3,3,,KMD02114-5363
2024,1학기,인문캠퍼스,대학,5866,HBX01133,재무회계,정우*,**240105,2,2,2,2,2,2,2,.,HBX01133-5866
2024,1학기,자연캠퍼스,방목기초교육대학,460,KMQ01114,빅데이터인포그래픽(KCU),이규*,**030092,3,4,4,4,3,4,4,비대면 수업이 오랜만이라 그런지 가장 재밌고 흥미있습니다.,KMQ01114-0460
2024,1학기,인문캠퍼스,방목기초교육대학,5002,KMA00101,성서와인간이해,권영*,**190086,3,3,3,3,3,3,3,,KMA00101-5002
2024,1학기,인문캠퍼스,방목기초교육대학,5264,KMA02146,한국어연습4,홍혜*,**040203,3,4,4,3,4,4,4,교수님이 좋고 학생들에 대해 관심을 갖고 배려한다고 생각합니다.,KMA02146-5264
2024,1학기,자연캠퍼스,방목기초교육대학,290,KME02111,물리학1,노태*,**010269,1,1,1,4,4,3,2,,KME02111-0290
2024,1학기,인문캠퍼스,방목기초교육대학,5146,KMA02110,철학과인간,권향*,**140714,5,4,4,4,3,4,4,없음,KMA02110-5146
2024,1학기,인문캠퍼스,인문대학,5617,HAF01223,디지털정보처리론,이한*,**200256,2,5,5,5,5,5,5,,HAF01223-5617
2024,1학기,인문캠퍼스,인문대학,5592,HAD01341,일한번역입문,곽형*,**180453,3,5,5,4,5,5,5,,HAD01341-5592
2024,1학기,인문캠퍼스,인문대학,5590,HAD01285,일본의역사,곽형*,**180453,5,5,5,5,4,5,5,타과 학생인데도 이해하기 쉽고 흥미진진하게 강의해주십니다. 너무 좋아요,HAD01285-5590
2024,1학기,인문캠퍼스,방목기초교육대학,5328,KMC02113,디자인개론,김현*,**220078,2,3,4,3,5,5,4,,KMC02113-5328
2024,1학기,인문캠퍼스,미래융합대학,6113,HFS01208,재무행정론,임현*,**240129,1,1,1,1,3,5,2,,HFS01208-6113
2024,1학기,자연캠퍼스,예술체육대학,1026,JFF06204,뮤지컬개론,이효*,**200331,1,3,5,5,5,5,5,,JFF06204-1026
2024,1학기,인문캠퍼스,방목기초교육대학,5488,KMP02117,비즈니스영어,홍종*,**001408,3,3,3,4,4,3,3,,KMP02117-5488
2024,1학기,인문캠퍼스,방목기초교육대학,5239,KMA02139,4차산업혁명의이해,강성*,**010009,4,4,4,4,4,5,5,,KMA02139-5239
2024,1학기,인문캠퍼스,방목기초교육대학,5393,KMD02145,유라시아의이해,설명*,**070325,5,5,5,5,5,5,5,,KMD02145-5393
2024,1학기,인문캠퍼스,방목기초교육대학,6244,KMB02165,서양의지혜,랄프*,**110159,2,3,4,3,3,4,4,,KMB02165-6244
2024,1학기,자연캠퍼스,방목기초교육대학,215,KMA02159,디지털문화의이해,조수*,**150140,5,5,5,5,5,5,5,,KMA02159-0215
2024,1학기,인문캠퍼스,인문대학,5531,HAA01325,고전문학강독,최어*,**170145,4,4,4,4,4,4,4,,HAA01325-5531
2024,1학기,인문캠퍼스,ICT융합대학,6003,HEC01410,컴퓨터보안,김형*,**210324,3,3,3,3,4,3,3,,HEC01410-6003
2024,1학기,자연캠퍼스,공과대학,574,JEA01213,회로이론1,강상*,**941903,3,3,3,3,3,3,3,,JEA01213-0574
2024,1학기,인문캠퍼스,사회과학대학,5772,HBE01101,경제통계,이명*,**951907,5,5,5,5,5,5,5,,HBE01101-5772
2024,1학기,인문캠퍼스,경영대학,5893,HCA02313,경영조직론,이상*,**010190,2,2,3,3,2,2,2,,HCA02313-5893
2024,1학기,자연캠퍼스,공과대학,805,JEN02203,환경화학,우윤*,**110360,4,4,4,3,5,5,5,,JEN02203-0805
2024,1학기,자연캠퍼스,방목기초교육대학,173,KMA02140,4차산업혁명을위한비판적사고,손성*,**130187,3,3,3,3,3,3,3,계속 좋은 강의해 주시면 감사하겠습니다.,KMA02140-0173
2024,1학기,인문캠퍼스,방목기초교육대학,5520,TAA01812,교육사회,김현*,**240036,3,3,4,4,5,5,4,,TAA01812-5520
2024,1학기,자연캠퍼스,방목기초교육대학,70,KMA02107,영어2,김희*,**050654,2,4,4,4,4,4,4,,KMA02107-0070
2024,1학기,인문캠퍼스,방목기초교육대학,5359,KMD02113,인간관계와커뮤니케이션,강재*,**015166,3,3,3,3,3,3,3,,KMD02113-5359
2024,1학기,인문캠퍼스,방목기초교육대학,6244,KMB02165,서양의지혜,랄프*,**110159,2,4,5,4,4,5,5,,KMB02165-6244
2024,1학기,자연캠퍼스,방목기초교육대학,289,KME02111,물리학1,노태*,**010269,4,4,4,4,4,4,4,,KME02111-0289
2024,1학기,인문캠퍼스,대학,5827,HBX01104,회계원리,박경*,**080579,2,4,4,5,5,5,4,어렵지만 재미있게 설명해 주셔서 감사합니다,HBX01104-5827
2024,1학기,자연캠퍼스,공과대학,796,JEJ02447,소프트웨어공학,김성*,**240062,2,4,4,4,3,5,5,,JEJ02447-0796
2024,1학기,인문캠퍼스,대학,5717,HAP00003,한국어어문규범,김보*,**190424,5,5,5,5,5,4,3,,HAP00003-5717
2024,1학기,인문캠퍼스,경영대학,5920,HCC04236,무역실무,김재*,**230117,4,4,4,4,4,4,4,없음 ,HCC04236-5920
2024,1학기,인문캠퍼스,대학,5862,HBX01129,글로벌경영전략,임미*,**180457,5,5,5,5,5,5,5,수업 방식에 만족하고 있습니다. 항상 감사드립니다.,HBX01129-5862
2024,1학기,자연캠퍼스,공과대학,741,JEH01422,PS콘크리트,권승*,**080030,3,3,3,3,3,3,3,없음 ,JEH01422-0741
2024,1학기,인문캠퍼스,방목기초교육대학,5250,KMA02141,4차산업혁명과미래사회진로선택,이한*,**200256,3,3,5,3,5,5,3,.,KMA02141-5250
2024,1학기,자연캠퍼스,공과대학,728,JEH01212,구조역학1,신동*,**951913,5,5,5,5,5,5,5,,JEH01212-0728
2024,1학기,자연캠퍼스,공과대학,631,JEB01499,캡스톤디자인1,이대*,**220307,4,5,4,5,5,5,4,,JEB01499-0631
2024,1학기,자연캠퍼스,방목기초교육대학,239,KMC02217,문화속디자인여행(KCU),이규*,**030092,4,4,4,4,4,4,4,,KMC02217-0239
2024,1학기,자연캠퍼스,예술체육대학,964,JFD01365,바둑중국어1,김채*,**230291,5,5,5,5,5,5,5,아주 좋은 코스,JFD01365-0964
2024,1학기,인문캠퍼스,방목기초교육대학,5410,KMF02109,전공자유학부세미나,강성*,**010009,3,4,4,4,5,5,4,,KMF02109-5410
2024,1학기,자연캠퍼스,방목기초교육대학,27,KMA02103,종교와과학,정용*,**090697,2,2,3,3,4,4,3,,KMA02103-0027
2024,1학기,인문캠퍼스,대학,5877,HBX01138,기업재무론,김희*,**200043,5,5,5,5,5,5,5,,HBX01138-5877
2024,1학기,자연캠퍼스,방목기초교육대학,12,KMA02101,채플,교목*,**170528,3,4,4,4,4,4,4,,KMA02101-0012
2024,1학기,인문캠퍼스,미래융합대학,6269,HFH01302,아동관찰과행동연구,박영*,**220455,4,5,5,5,5,5,5,,HFH01302-6269
2024,1학기,인문캠퍼스,경영대학,5916,HCB03389,파이썬응용프로그래밍,김환*,**030043,3,4,4,3,4,4,4,,HCB03389-5916
2024,1학기,자연캠퍼스,공과대학,616,JEB01327,반도체소자,조일*,**080027,3,3,3,3,3,3,5,,JEB01327-0616
2024,1학기,인문캠퍼스,대학,5724,HAP00015,한국현대문화비평,김지*,**150014,4,4,4,4,4,4,4,,HAP00015-5724
2024,1학기,인문캠퍼스,방목기초교육대학,5433,KMI02128,엑셀데이터활용과분석,강성*,**010009,2,5,4,4,4,4,5,,KMI02128-5433
2024,1학기,인문캠퍼스,방목기초교육대학,5038,KMA02102,현대사회와기독교윤리,김진*,**190384,3,3,3,3,3,3,3,,KMA02102-5038
2024,1학기,자연캠퍼스,방목기초교육대학,203,KMA02147,한국어1,이유*,**220094,3,3,3,3,3,3,3,없습니다 감사합니다,KMA02147-0203
2024,1학기,인문캠퍼스,인문대학,5547,HAB01261,영어회화,스와*,**180442,5,5,5,5,5,5,5,,HAB01261-5547
2024,1학기,인문캠퍼스,방목기초교육대학,5340,KMC02233,이슬람문명의역사와문화기행,김정*,**100688,5,5,5,5,5,5,5,감사함니다,KMC02233-5340
2024,1학기,자연캠퍼스,방목기초교육대학,448,KMO02118,영양과운동,김창*,**210027,2,3,4,4,4,4,4,,KMO02118-0448
2024,1학기,인문캠퍼스,미래융합대학,6134,HFT01228,디자인기획,김승*,**160094,3,3,4,3,4,4,4,,HFT01228-6134
2024,1학기,인문캠퍼스,방목기초교육대학,5203,KMA02125,영어회화3,매튜*,**140122,3,3,3,3,3,3,3,,KMA02125-5203
2024,1학기,인문캠퍼스,방목기초교육대학,5488,KMP02117,비즈니스영어,홍종*,**001408,4,4,4,4,4,4,4,없음,KMP02117-5488
2024,1학기,자연캠퍼스,공과대학,717,JEF02351,전자세라믹스,박종*,**120077,5,5,5,5,5,5,5,저는 교수님 강의가 좋아요.,JEF02351-0717
2024,1학기,인문캠퍼스,경영대학,5902,HCA02414,신인사관리사례분석,이정*,**040027,4,4,5,5,5,5,5,만족합니다,HCA02414-5902
2024,1학기,인문캠퍼스,방목기초교육대학,5227,KMA02130,고전으로읽는인문학,주민*,**150060,3,4,4,4,4,4,4,,KMA02130-5227
2024,1학기,자연캠퍼스,방목기초교육대학,447,KMO02117,교양소프트볼,김창*,**210027,5,5,5,5,5,5,5,,KMO02117-0447
2024,1학기,자연캠퍼스,ICT융합대학,671,JEC02507,캡스톤디자인1,배종*,**070658,3,3,3,3,3,3,3,,JEC02507-0671
2024,1학기,자연캠퍼스,공과대학,748,JEI01264,교통공학개론,손영*,**961908,5,5,5,5,5,5,5,지금도 좋습니다,JEI01264-0748
2024,1학기,인문캠퍼스,방목기초교육대학,5313,KMB02141,인문콘텐츠의이해,정창*,**120849,5,5,5,5,5,5,5,X,KMB02141-5313
2024,1학기,인문캠퍼스,인문대학,5568,HAC01222,중국어청취1,박연*,**160480,5,5,5,5,5,5,5,,HAC01222-5568
2024,1학기,인문캠퍼스,방목기초교육대학,5357,KMD02109,행정학개론,한승*,**150057,2,4,2,5,5,4,3,,KMD02109-5357
2024,1학기,인문캠퍼스,인문대학,5589,HAD01243,JLPT일본어기초,이은*,**100167,5,5,5,5,5,5,5,교수님이 너무 좋아요 ♡ 사랑합니다 !!,HAD01243-5589
2024,1학기,인문캠퍼스,사회과학대학,5750,HBA01633,스마트행정,최현*,**110144,5,5,5,5,5,5,5,,HBA01633-5750
2024,1학기,자연캠퍼스,방목기초교육대학,14,KMA02101,채플,교목*,**170528,4,3,4,4,5,4,4,,KMA02101-0014
2024,1학기,자연캠퍼스,방목기초교육대학,270,KME02103,공학수학1,나광*,**050448,2,5,5,5,5,5,5,,KME02103-0270
2024,1학기,인문캠퍼스,방목기초교육대학,5482,KMP02111,중급한국어1,남주*,**100109,4,4,3,4,4,3,4,좋아요,KMP02111-5482
2024,1학기,자연캠퍼스,방목기초교육대학,13,KMA02101,채플,교목*,**170528,5,5,5,5,5,5,5,,KMA02101-0013
2024,1학기,자연캠퍼스,방목기초교육대학,460,KMQ01114,빅데이터인포그래픽(KCU),이규*,**030092,3,3,3,3,3,3,3,,KMQ01114-0460
2024,1학기,인문캠퍼스,인문대학,5534,HAA01352,국어논리및논술,김지*,**160016,2,3,4,3,3,3,3,,HAA01352-5534
2024,1학기,자연캠퍼스,공과대학,722,JEF02436,캡스톤디자인1,남승*,**230309,3,3,3,3,3,3,3,,JEF02436-0722
2024,1학기,인문캠퍼스,방목기초교육대학,5020,KMA02101,채플,교목*,**180219,3,3,3,3,3,3,3,.,KMA02101-5020
2024,1학기,인문캠퍼스,인문대학,5560,HAB01445,문학과영화,이진*,**210311,5,5,5,4,5,5,5,지금 같이 쭉 가면 완벽할 것 같습니다. 바꿔야 하는 점은 특별히 없는것 같습니다,HAB01445-5560
2024,1학기,자연캠퍼스,방목기초교육대학,15,KMA02101,채플,교목*,**170528,3,3,3,3,3,3,3,,KMA02101-0015
2024,1학기,인문캠퍼스,사회과학대학,5804,HBF01226,방송제작실습,오민*,**220380,4,4,4,4,4,4,4,,HBF01226-5804
2024,1학기,자연캠퍼스,방목기초교육대학,24,KMA02102,현대사회와기독교윤리,홍민*,**220143,3,5,5,5,5,5,5,,KMA02102-0024
2024,1학기,인문캠퍼스,대학,6180,HED00201,융합R통계분석,신지*,**240046,3,3,3,3,3,4,3,,HED00201-6180
2024,1학기,자연캠퍼스,ICT융합대학,662,JEC02350,모바일프로그래밍,김성*,**040029,4,4,4,4,4,4,4,코딩 비중을 높여주셨으면 좋겠습니다,JEC02350-0662
2024,1학기,인문캠퍼스,방목기초교육대학,5038,KMA02102,현대사회와기독교윤리,김진*,**190384,4,4,4,4,4,4,4,없습니다.,KMA02102-5038
2024,1학기,인문캠퍼스,방목기초교육대학,5161,KMA02113,세계화와사회변화,박혜*,**220044,4,4,4,4,4,4,4,,KMA02113-5161
2024,1학기,자연캠퍼스,ICT융합대학,657,JEC02316,기계학습,강진*,**200260,5,5,5,5,5,5,5,,JEC02316-0657
2024,1학기,자연캠퍼스,방목기초교육대학,416,KMM02105,현대가족과부모,김희*,**150066,3,3,3,3,3,5,5,,KMM02105-0416
2024,1학기,인문캠퍼스,인문대학,5563,HAB01457,영문학세미나,이진*,**210311,2,3,3,4,2,3,3,그룹 토의도 좋지만 수업의 비중을 더 늘려주셨으면 좋겠습니다. 내용 이해하기가 어려워요,HAB01457-5563
2024,1학기,인문캠퍼스,인문대학,5617,HAF01223,디지털정보처리론,이한*,**200256,3,5,5,3,5,5,5,,HAF01223-5617
2024,1학기,인문캠퍼스,방목기초교육대학,5023,KMA02101,채플,교목*,**180219,1,1,1,1,1,1,1,,KMA02101-5023
2024,1학기,인문캠퍼스,방목기초교육대학,5224,KMA02130,고전으로읽는인문학,장혜*,**010004,2,4,4,3,4,5,5,쉬는 시간 2분 씩 두 번 말고 5분을 한 번 주시면 좋을 것 같습니다. 2분은 화장실 다녀오기도 너무 짧은 시간이라 갔다 오면 수업이 이미 시작되어 수업 내용을 놓치는 때가 있습니다.!,KMA02130-5224
2024,1학기,자연캠퍼스,방목기초교육대학,92,KMA02108,영어회화1,에릭*,**110772,3,3,3,3,4,4,4,,KMA02108-0092
2024,1학기,인문캠퍼스,경영대학,5891,HCA02312,노사관계론,이종*,**951344,2,5,4,5,5,5,5,,HCA02312-5891
2024,1학기,인문캠퍼스,대학,5722,HAP00012,응용언어학,김보*,**190424,3,3,3,3,3,3,3,없습니다. ,HAP00012-5722
2024,1학기,인문캠퍼스,방목기초교육대학,5039,KMA02103,종교와과학,장재*,**180049,1,3,3,3,3,3,3,,KMA02103-5039
2024,1학기,인문캠퍼스,경영대학,5910,HCA02507,국제학생을위한경영학개론1,전학*,**240063,3,3,3,5,5,5,5,없음 ,HCA02507-5910
2024,1학기,인문캠퍼스,ICT융합대학,6010,HED01203,데이터베이스,전종*,**951915,3,3,3,3,3,3,3,,HED01203-6010
2024,1학기,인문캠퍼스,대학,5856,HBX01127,국제경영학,이종*,**200258,4,3,4,4,4,3,3,,HBX01127-5856
2024,1학기,인문캠퍼스,법과대학,5944,HDA01231,회사법1,이종*,**070817,3,3,3,3,3,3,3,,HDA01231-5944
2024,1학기,인문캠퍼스,방목기초교육대학,5311,KMB02138,에니어그램을통한자기발견,서동*,**050628,3,4,4,3,4,4,4,,KMB02138-5311
2024,1학기,인문캠퍼스,미래융합대학,6027,HFB01308,의료사회복지론,채수*,**150452,5,5,5,5,5,5,5,어렵다,HFB01308-6027
2024,1학기,자연캠퍼스,방목기초교육대학,273,KME02103,공학수학1,장민*,**190378,2,2,2,3,3,3,2,,KME02103-0273
2024,1학기,인문캠퍼스,방목기초교육대학,5025,KMA02101,채플,교목*,**180219,5,5,5,5,5,5,5,,KMA02101-5025
2024,1학기,자연캠퍼스,방목기초교육대학,429,KMO02101,교양골프,한희*,**230027,3,4,4,3,4,4,4,,KMO02101-0429
2024,1학기,자연캠퍼스,자연과학대학,557,JDE01317,분자생리학,송상*,**001350,4,4,4,3,5,5,5,항상 학생들의 이해를 위해 노력해주심에 감사드립니다.,JDE01317-0557
2024,1학기,인문캠퍼스,방목기초교육대학,5053,KMA02104,글쓰기,김택*,**983551,4,4,4,4,4,4,5,없습니다 ,KMA02104-5053
2024,1학기,인문캠퍼스,방목기초교육대학,5224,KMA02130,고전으로읽는인문학,장혜*,**010004,2,3,3,3,4,4,4,,KMA02130-5224
2024,1학기,자연캠퍼스,방목기초교육대학,1295,KMA02108,영어회화1,아벤*,**090761,3,4,4,4,5,5,5,,KMA02108-1295
2024,1학기,인문캠퍼스,방목기초교육대학,5026,KMA02101,채플,교목*,**180219,3,5,5,3,3,3,4,,KMA02101-5026
2024,1학기,자연캠퍼스,자연과학대학,1254,JDE02203,생명과학특수연구1,김명*,**230109,3,5,5,5,5,5,5,,JDE02203-1254
2024,1학기,인문캠퍼스,방목기초교육대학,5431,KMI02126,파이썬프로그래밍입문,최윤*,**220389,5,4,5,3,5,5,5,,KMI02126-5431
2024,1학기,자연캠퍼스,방목기초교육대학,118,KMA02114,민주주의와현대사회,김희*,**150066,4,4,4,3,4,5,5,,KMA02114-0118
2024,1학기,인문캠퍼스,방목기초교육대학,5025,KMA02101,채플,교목*,**180219,2,3,4,3,3,4,4,잘 수강하고 있습니다.,KMA02101-5025
2024,1학기,인문캠퍼스,방목기초교육대학,5244,KMA02141,4차산업혁명과미래사회진로선택,김주*,**080599,4,4,4,4,4,4,4,,KMA02141-5244
2024,1학기,인문캠퍼스,미래융합대학,6077,HFL01112,디지털데이터베이스마케팅,김형*,**210023,1,3,3,3,2,3,3,,HFL01112-6077
2024,1학기,자연캠퍼스,방목기초교육대학,385,KMG02135,식품과영양의이해,강희*,**150137,4,4,4,4,4,4,5,재밌어요 수업,KMG02135-0385
2024,1학기,인문캠퍼스,인문대학,5603,HAE01261,서양사사료이해,황원*,**995016,2,3,3,4,5,4,5,,HAE01261-5603
2024,1학기,인문캠퍼스,사회과학대학,6233,HBF01344,UI/UX입문,김경*,**150378,3,3,3,3,3,3,3,수업 잘 듣고 있습니다!,HBF01344-6233
2024,1학기,자연캠퍼스,방목기초교육대학,3,KMA00101,성서와인간이해,김준*,**180177,4,4,4,4,4,4,4,,KMA00101-0003
2024,1학기,인문캠퍼스,방목기초교육대학,5248,KMA02141,4차산업혁명과미래사회진로선택,박진*,**080022,4,4,4,3,4,5,5,,KMA02141-5248
2024,1학기,인문캠퍼스,방목기초교육대학,5421,KMH02125,생활아랍어,안정*,**985004,1,4,4,3,3,4,4,,KMH02125-5421
2024,1학기,인문캠퍼스,인문대학,5556,HAB01343,영미희곡,김용*,**598002,5,5,5,5,5,5,5,,HAB01343-5556
2024,1학기,자연캠퍼스,방목기초교육대학,140,KMA02123,영어3,이보*,**150062,4,4,4,4,4,4,4,더 바라는 점이 없습니다.,KMA02123-0140
2024,1학기,자연캠퍼스,공과대학,593,JEA01437,배전시스템공학,남순*,**050190,4,4,4,4,4,4,4,,JEA01437-0593
2024,1학기,자연캠퍼스,방목기초교육대학,1279,KMA02106,영어1,서정*,**150064,4,4,4,4,4,4,4,,KMA02106-1279
2024,1학기,인문캠퍼스,사회과학대학,5789,HBE01413,기업금융론,안재*,**230280,3,2,2,3,3,3,1,,HBE01413-5789
2024,1학기,인문캠퍼스,방목기초교육대학,5340,KMC02233,이슬람문명의역사와문화기행,김정*,**100688,4,3,3,3,3,4,3,,KMC02233-5340
2024,1학기,인문캠퍼스,방목기초교육대학,5020,KMA02101,채플,교목*,**180219,5,5,5,5,5,5,5,당분간은 없습니다,KMA02101-5020
2024,1학기,인문캠퍼스,방목기초교육대학,5146,KMA02110,철학과인간,권향*,**140714,3,4,3,3,3,3,3,,KMA02110-5146
2024,1학기,인문캠퍼스,사회과학대학,5694,HAK01362,언어지도,박윤*,**230022,3,3,3,3,3,3,3,교수님이 설명 잘해주셔서 좋습니다 ,HAK01362-5694
2024,1학기,자연캠퍼스,예술체육대학,945,JFC02411,전문실기7,이동*,**070110,4,5,4,4,4,4,4,,JFC02411-0945
2024,1학기,인문캠퍼스,인문대학,5557,HAB01343,영미희곡,박성*,**240013,2,4,4,4,4,4,4,,HAB01343-5557
2024,1학기,인문캠퍼스,인문대학,5602,HAE01241,동양중세사,강원*,**230250,3,3,4,4,3,4,3,,HAE01241-5602
2024,1학기,인문캠퍼스,방목기초교육대학,5045,KMA02104,글쓰기,이현*,**170056,3,3,3,3,4,4,3,,KMA02104-5045
2024,1학기,자연캠퍼스,공과대학,907,JEQ01404,산학프로젝트1,이용*,**230026,4,4,4,4,4,4,4,,JEQ01404-0907
2024,1학기,자연캠퍼스,방목기초교육대학,449,KMO02120,장애인의이해,고성*,**993976,3,3,3,3,3,3,3,,KMO02120-0449
2024,1학기,자연캠퍼스,자연과학대학,525,JDC01471,고분자화학,이동*,**130409,3,3,3,3,3,3,3,,JDC01471-0525
2024,1학기,자연캠퍼스,방목기초교육대학,121,KMA02120,환경과인간,이기*,**951355,4,4,4,4,4,4,3,없음,KMA02120-0121
2024,1학기,인문캠퍼스,방목기초교육대학,5254,KMA02141,4차산업혁명과미래사회진로선택,최재*,**140779,3,4,4,4,4,4,4,,KMA02141-5254
2024,1학기,인문캠퍼스,방목기초교육대학,5409,KME02107,선형대수학개론,김형*,**190450,3,4,4,3,4,4,4,,KME02107-5409
2024,1학기,자연캠퍼스,예술체육대학,931,JFC02310,산악훈련,김상*,**050501,5,5,5,5,5,5,5,,JFC02310-0931
2024,1학기,자연캠퍼스,방목기초교육대학,267,KME02103,공학수학1,김동*,**150021,5,5,5,4,5,5,5,,KME02103-0267
2024,1학기,인문캠퍼스,방목기초교육대학,5442,KMK02119,지중해문화여행,이종*,**953764,3,3,3,3,3,3,3,,KMK02119-5442
2024,1학기,인문캠퍼스,방목기초교육대학,5154,KMA02111,한국근현대사의이해,이혜*,**200301,5,5,5,5,5,5,5,,KMA02111-5154
2024,1학기,인문캠퍼스,대학,5868,HBX01133,재무회계,최권*,**240104,2,2,2,2,3,2,3,,HBX01133-5868
2024,1학기,인문캠퍼스,방목기초교육대학,5026,KMA02101,채플,교목*,**180219,3,3,3,3,2,3,3,,KMA02101-5026
2024,1학기,자연캠퍼스,방목기초교육대학,12,KMA02101,채플,교목*,**170528,5,5,5,5,5,5,5,,KMA02101-0012
2024,1학기,인문캠퍼스,방목기초교육대학,5021,KMA02101,채플,교목*,**180219,3,3,3,3,3,3,3,,KMA02101-5021
2024,1학기,인문캠퍼스,경영대학,5891,HCA02312,노사관계론,이종*,**951344,3,3,3,3,3,4,3,없습니다,HCA02312-5891
2024,1학기,자연캠퍼스,공과대학,901,JEQ01302,반도체공정실습,하태*,**110411,3,4,3,4,4,3,3,매주 새로운 레포트를 작성하는데 과제 기한이 너무 짧습니다.,JEQ01302-0901
2024,1학기,인문캠퍼스,사회과학대학,5809,HBF01238,방송이론과기획,김지*,**220338,4,1,2,4,2,2,2,,HBF01238-5809
2024,1학기,자연캠퍼스,방목기초교육대학,382,KMG02127,스포츠와체육의탐구,김창*,**210027,3,5,5,5,5,5,5,,KMG02127-0382
2024,1학기,인문캠퍼스,방목기초교육대학,5266,KMA02147,한국어1,정하*,**090084,4,4,3,4,3,4,4,없습니다,KMA02147-5266
2024,1학기,자연캠퍼스,ICT융합대학,659,JEC02349,신호및시스템,한승*,**001301,4,4,4,4,5,5,4,,JEC02349-0659
2024,1학기,인문캠퍼스,인문대학,5527,HAA01107,현대문학입문,양순*,**230290,1,1,1,1,1,1,1,,HAA01107-5527
2024,1학기,인문캠퍼스,사회과학대학,5789,HBE01413,기업금융론,안재*,**230280,4,4,4,4,4,4,4,,HBE01413-5789
2024,1학기,인문캠퍼스,인문대학,5598,HAD01452,일본의문화콘텐츠,최경*,**961910,5,5,5,5,5,5,5,없다,HAD01452-5598
2024,1학기,인문캠퍼스,사회과학대학,5807,HBF01229,광고크리에이티브입문,박형*,**180058,3,4,3,3,3,3,4,"강의 집중도를 높이고, 열심히 들은 학생들이 좋은 점수를 높게 받을 수 있는 과제나 시험이 있으면 좋을 것 같습니다. 과제가 너무 광범위하고 , 보여주신 예시들의 평가 기준이 잘 파악되지 않이 아쉽습니다!",HBF01229-5807
2024,1학기,인문캠퍼스,방목기초교육대학,5234,KMA02135,"우주,생명,마음",박희*,**030045,3,4,4,3,4,5,4,,KMA02135-5234
2024,1학기,인문캠퍼스,법과대학,5947,HDA01305,회사법2,이종*,**070817,5,5,5,4,5,5,5,,HDA01305-5947
2024,1학기,자연캠퍼스,방목기초교육대학,376,KME02130,일반생물학실험,김상*,**070639,4,4,4,4,4,4,4,,KME02130-0376
2024,1학기,인문캠퍼스,방목기초교육대학,5020,KMA02101,채플,교목*,**180219,3,3,3,3,3,3,4,본 수업에 바라는 점이 채플수업 음악이 좋습니다 감사합니다,KMA02101-5020
2024,1학기,자연캠퍼스,방목기초교육대학,285,KME02106,통계학개론,이성*,**951345,5,5,5,5,5,5,5,좋습니다,KME02106-0285
2024,1학기,인문캠퍼스,방목기초교육대학,5352,KMD02107,경상통계학,박응*,**230058,3,2,3,5,3,3,3,,KMD02107-5352
2024,1학기,자연캠퍼스,공과대학,786,JEJ02410,컴퓨터네트워크,박현*,**961318,4,4,4,4,4,4,4,,JEJ02410-0786
2024,1학기,자연캠퍼스,공과대학,908,JEQ01406,반도체세미나,윤주*,**230329,4,5,5,4,5,5,5,,JEQ01406-0908
2024,1학기,자연캠퍼스,공과대학,859,JEP01232,기계재료학,장동*,**200048,5,5,5,5,5,5,5,,JEP01232-0859
2024,1학기,인문캠퍼스,방목기초교육대학,5379,KMD02123,경제학원론,최창*,**030037,2,4,4,3,5,5,4,,KMD02123-5379
2024,1학기,인문캠퍼스,방목기초교육대학,5393,KMD02145,유라시아의이해,설명*,**070325,2,4,3,4,5,5,4,,KMD02145-5393
2024,1학기,인문캠퍼스,대학,5832,HBX01105,재무관리원론,김희*,**200043,3,3,4,3,4,5,4,,HBX01105-5832
2024,1학기,자연캠퍼스,공과대학,723,JEF02440,반도체공학,김혜*,**230108,3,3,3,3,3,3,3,,JEF02440-0723
2024,1학기,인문캠퍼스,대학,5883,HBX01143,운영관리,노승*,**030036,4,4,4,4,4,4,4,,HBX01143-5883
2024,1학기,자연캠퍼스,방목기초교육대학,117,KMA02113,세계화와사회변화,이옥*,**180037,5,5,5,4,5,5,4,,KMA02113-0117
2024,1학기,자연캠퍼스,방목기초교육대학,121,KMA02120,환경과인간,이기*,**951355,4,4,4,4,5,5,4,,KMA02120-0121
2024,1학기,인문캠퍼스,방목기초교육대학,5299,KMB02121,중국의언어와문화,최재*,**140779,3,4,4,3,4,4,4,,KMB02121-5299
2024,1학기,자연캠퍼스,공과대학,805,JEN02203,환경화학,우윤*,**110360,2,5,5,4,5,5,5,,JEN02203-0805
2024,1학기,인문캠퍼스,방목기초교육대학,5435,KMI02128,엑셀데이터활용과분석,김경*,**993101,5,5,5,5,5,5,5,,KMI02128-5435
2024,1학기,자연캠퍼스,대학,1155,JGA02155,건축구조의이해,김영*,**090611,3,4,3,3,4,4,4,,JGA02155-1155
2024,1학기,인문캠퍼스,방목기초교육대학,5034,KMA02102,현대사회와기독교윤리,주상*,**200154,3,4,3,3,3,4,4,,KMA02102-5034
2024,1학기,인문캠퍼스,사회과학대학,5779,HBE01237,조세와회계,이수*,**030176,5,4,4,5,5,5,5,재미있습니까,HBE01237-5779
2024,1학기,자연캠퍼스,방목기초교육대학,267,KME02103,공학수학1,김동*,**150021,4,5,4,5,5,5,5,,KME02103-0267
2024,1학기,인문캠퍼스,인문대학,5525,HAA01102,현대문학사,이수*,**120639,4,4,4,4,4,4,4,,HAA01102-5525
2024,1학기,자연캠퍼스,공과대학,605,JEB01219,고급C언어,최우*,**921304,3,3,3,3,3,3,3,,JEB01219-0605
2024,1학기,자연캠퍼스,방목기초교육대학,448,KMO02118,영양과운동,김창*,**210027,4,5,3,3,5,5,5,바라는 점은 따로 없습니다. 강의 내용이 생각보다 많아서 시험 문제에 대한 걱정이 되긴 하지만 유용한 정보들이 많고 운동을 하면서 흥미를 느끼게 된 것 같습니다!,KMO02118-0448
2024,1학기,자연캠퍼스,ICT융합대학,673,JEC02507,캡스톤디자인1,김성*,**040029,5,5,5,5,5,5,5,,JEC02507-0673
2024,1학기,인문캠퍼스,방목기초교육대학,5301,KMB02123,철학산책,장원*,**090762,3,4,3,4,3,3,3,,KMB02123-5301
2024,1학기,인문캠퍼스,사회과학대학,5693,HAK01361,아동관찰및행동연구,문서*,**230044,1,4,4,4,4,5,4,,HAK01361-5693
2024,1학기,인문캠퍼스,대학,5842,HBX01113,인적자원관리,이정*,**040027,1,4,4,3,4,4,4,,HBX01113-5842
2024,1학기,인문캠퍼스,방목기초교육대학,5336,KMC02227,인류문명과기록문화로의여행,김영*,**050135,4,4,4,4,4,4,4,,KMC02227-5336
2024,1학기,인문캠퍼스,대학,5857,HBX01127,국제경영학,김중*,**220067,4,5,5,5,5,5,5,,HBX01127-5857
2024,1학기,자연캠퍼스,자연과학대학,514,JDC01231,분석화학1,박노*,**150019,4,4,4,4,4,4,4,,JDC01231-0514
2024,1학기,인문캠퍼스,방목기초교육대학,5303,KMB02124,일본의언어와문화,최경*,**961910,1,4,2,4,2,3,3,,KMB02124-5303
2024,1학기,인문캠퍼스,대학,6177,HED00203,융합데이터시각화,신성*,**230050,1,4,3,4,4,4,4,실습하는 내용들이 강의자료로 올라왔으면 더 좋았을 것 같습니다. 엑셀도 다루지 못하는 노베이스라서 따라가는데에 급급하게되고 나중에 복습을 해보려해도 기억이 나지 않거나 헷갈리는 부분이 너무 많아서 시험이 걱정됩니다.,HED00203-6177
2024,1학기,인문캠퍼스,사회과학대학,5756,HBB01242,비교정치론,성치*,**230160,5,5,5,5,5,5,5,,HBB01242-5756
2024,1학기,자연캠퍼스,예술체육대학,1083,JFG01211,디지털디자인,나진*,**230332,3,3,3,3,3,3,3,,JFG01211-1083
2024,1학기,자연캠퍼스,방목기초교육대학,11,KMA00101,성서와인간이해,홍민*,**220143,5,5,5,5,5,5,5,,KMA00101-0011
2024,1학기,인문캠퍼스,방목기초교육대학,5139,KMA02109,영어회화2,딜런*,**200239,4,4,4,3,4,4,4,,KMA02109-5139
2024,1학기,인문캠퍼스,방목기초교육대학,5143,KMA02109,영어회화2,딜런*,**200239,4,4,4,4,4,4,4,,KMA02109-5143
2024,1학기,인문캠퍼스,법과대학,5955,HDA01322,채권총론,김수*,**190380,5,5,5,5,5,5,5,말 빠르기가 너무 빨라 수업을 따라가기가 힘들 때가 있습니다. 속도를 조금만 늦춰주시면 좋을 것 같습니다.,HDA01322-5955
2024,1학기,인문캠퍼스,방목기초교육대학,5077,KMA02106,영어1,황은*,**150063,5,5,5,4,5,5,5,,KMA02106-5077
2024,1학기,자연캠퍼스,공과대학,875,JEP01334,FEM,이택*,**210271,4,4,3,4,4,4,4,,JEP01334-0875
2024,1학기,인문캠퍼스,방목기초교육대학,5038,KMA02102,현대사회와기독교윤리,김진*,**190384,3,3,3,3,3,3,3,수업준비를 위해 고생하시는 교수님 항상 감사하게 생각하고 있습니다.,KMA02102-5038
2024,1학기,인문캠퍼스,방목기초교육대학,5025,KMA02101,채플,교목*,**180219,3,3,3,3,3,3,3,,KMA02101-5025
2024,1학기,자연캠퍼스,공과대학,899,JEQ01222,디지털논리회로,김유*,**220415,3,5,4,4,5,4,5,수업 내용 이외에도 현재 배우는 부분이 나중에 어떻게 응용되는지 등 추가적인 내용이 적절하고 도움된다고 생각합니다. 강의실 적응만 더 빠르게 돼서 수업 준비와 진행이 보다 원활했으면 좋겠습니다 ㅠㅠ,JEQ01222-0899
2024,1학기,자연캠퍼스,방목기초교육대학,401,KMI02126,파이썬프로그래밍입문,이규*,**120693,3,3,3,3,3,3,3,,KMI02126-0401
2024,1학기,인문캠퍼스,사회과학대학,5729,HBA01110,리더십과조직행동(eng),이현*,**150056,3,4,4,3,3,3,4,,HBA01110-5729
2024,1학기,인문캠퍼스,인문대학,5571,HAC01345,중국어문법,박연*,**160480,1,3,3,4,5,5,4,,HAC01345-5571
2024,1학기,자연캠퍼스,공과대학,614,JEB01326,디지털시스템,박상*,**140782,5,5,5,5,5,5,5,,JEB01326-0614
2024,1학기,자연캠퍼스,방목기초교육대학,300,KME02112,물리학2,김복*,**984093,3,3,4,3,4,4,4,,KME02112-0300
2024,1학기,인문캠퍼스,법과대학,5934,HDA01127,법논리학1,김주*,**080599,4,5,5,5,5,5,5,,HDA01127-5934
2024,1학기,자연캠퍼스,방목기초교육대학,249,KME02101,미적분학1,김영*,**110557,5,5,5,5,5,5,5,,KME02101-0249
2024,1학기,자연캠퍼스,방목기초교육대학,12,KMA02101,채플,교목*,**170528,5,5,5,5,5,5,5,.,KMA02101-0012
2024,1학기,인문캠퍼스,사회과학대학,5750,HBA01633,스마트행정,최현*,**110144,3,3,3,4,4,4,4,,HBA01633-5750
2024,1학기,자연캠퍼스,ICT융합대학,667,JEC02413,데이터베이스,정재*,**190381,4,4,4,4,4,4,4,,JEC02413-0667
2024,1학기,인문캠퍼스,대학,5881,HBX01140,경영전략론,정의*,**120073,4,4,4,4,4,4,4,,HBX01140-5881
2024,1학기,자연캠퍼스,자연과학대학,558,JDE01317,분자생리학,송상*,**001350,3,3,3,3,3,3,3,,JDE01317-0558
2024,1학기,인문캠퍼스,방목기초교육대학,5499,KMR02102,성공학특강,이영*,**110556,3,3,3,3,3,3,3,,KMR02102-5499
2024,1학기,인문캠퍼스,인문대학,5524,HAA01101,국어사,윤용*,**040598,3,4,4,4,4,4,4,,HAA01101-5524
2024,1학기,인문캠퍼스,사회과학대학,5778,HBE01236,한국경제사,김두*,**130008,4,5,5,3,5,5,5,,HBE01236-5778
2024,1학기,인문캠퍼스,방목기초교육대학,5352,KMD02107,경상통계학,박응*,**230058,3,3,3,3,3,3,3,Good,KMD02107-5352
2024,1학기,인문캠퍼스,사회과학대학,5655,HAH01409,청소년프로그램개발과평가,전명*,**992303,1,3,3,4,4,2,3,"청소년지도학과 특성상 다른 전공에서도 기관에 직접 찾아 가거나 팀프로젝트가 많은데, 이 한 강의에서 팀플 총 두 번에, 발표 두 번에 보고서까지 있는 것이 조금 많이 힘에 부치는 것 같습니다.  그러나 그런 만큼 많이 배우는 거 같긴 합니다만, 한 강의 시간에 개념같은 분량이 너무 많은 것 같습니다 교수님&hellip;&hellip;.. ",HAH01409-5655
2024,1학기,인문캠퍼스,ICT융합대학,6017,HED01318,모바일컴퓨팅,오민*,**220040,2,3,3,4,4,4,3,,HED01318-6017
2024,1학기,인문캠퍼스,방목기초교육대학,5228,KMA02131,여성·소수자·공동체,박혜*,**220044,3,3,3,3,3,4,4,,KMA02131-5228
2024,1학기,인문캠퍼스,방목기초교육대학,5024,KMA02101,채플,교목*,**180219,5,5,5,5,5,5,5,,KMA02101-5024
2024,1학기,자연캠퍼스,방목기초교육대학,47,KMA02106,영어1,김은*,**003509,4,5,5,5,5,5,4,없음,KMA02106-0047
2024,1학기,인문캠퍼스,사회과학대학,5786,HBE01356,계량경제학,우석*,**080576,2,5,5,3,5,5,5,,HBE01356-5786
2024,1학기,인문캠퍼스,방목기초교육대학,5299,KMB02121,중국의언어와문화,최재*,**140779,3,4,4,3,4,4,4,다양한 자료로 수업 재미있게 해주시고 정확한 정보로 올바른 관점을 배워갈 수 있는 좋은 수업입니다.바라는 점은 없습니다.,KMB02121-5299
2024,1학기,인문캠퍼스,사회과학대학,5656,HAH01494,청소년문제와보호,조아*,**961302,5,5,5,5,5,5,5,,HAH01494-5656
2024,1학기,인문캠퍼스,미래융합대학,6052,HFE01207,디지털물류,오영*,**080185,5,5,5,5,5,5,5,,HFE01207-6052
2024,1학기,인문캠퍼스,방목기초교육대학,5380,KMD02124,시장경제와법,최세*,**070818,3,3,3,4,2,3,3,,KMD02124-5380
2024,1학기,자연캠퍼스,방목기초교육대학,153,KMA02127,창업입문,최원*,**190425,3,2,3,4,3,3,2,,KMA02127-0153
2024,1학기,자연캠퍼스,ICT융합대학,665,JEC02390,확률및랜덤프로세스,김인*,**951350,3,4,4,4,5,5,5,,JEC02390-0665
2024,1학기,인문캠퍼스,방목기초교육대학,5023,KMA02101,채플,교목*,**180219,2,3,3,3,3,3,3,,KMA02101-5023
2024,1학기,인문캠퍼스,방목기초교육대학,5478,KMO02116,교양농구,이진*,**220086,4,4,4,4,4,4,4,,KMO02116-5478
2024,1학기,인문캠퍼스,방목기초교육대학,5091,KMA02107,영어2,방영*,**010003,3,3,3,3,3,3,3,,KMA02107-5091
2024,1학기,자연캠퍼스,예술체육대학,3012,JFC04251,전공실기3,노갑*,**942002,4,4,4,4,4,4,4,,JFC04251-3012
2024,1학기,자연캠퍼스,방목기초교육대학,460,KMQ01114,빅데이터인포그래픽(KCU),이규*,**030092,3,3,3,3,3,3,3,,KMQ01114-0460
2024,1학기,자연캠퍼스,방목기초교육대학,299,KME02111,물리학1,장민*,**190378,3,4,3,5,5,4,4,수업 조금만 천천히 해주세요...ㅠㅠ 너무 어려운데 수업 속도가 너무 빨라요..이해하면서 수업을 들어야하는데 이해하고 넘어가기에는 속도가 너무 빨라요..그리고 마이크 써주실 수 있으실까요..? 뒷자리는 잘 안들려요..ㅠㅠ.. 수업 열심히 듣겠습니다..,KME02111-0299
2024,1학기,인문캠퍼스,방목기초교육대학,5023,KMA02101,채플,교목*,**180219,5,5,5,5,5,5,5,,KMA02101-5023
2024,1학기,인문캠퍼스,ICT융합대학,5981,HEA01407,졸업프로젝트디자인,정다*,**180404,5,5,5,5,5,5,5,지금 수업 그대로 너무 좋고 피드백도 학생들에게 딱 맞게 해주셔서 감사합니다! 남은 수업들도 잘 부탁드려요!,HEA01407-5981
2024,1학기,자연캠퍼스,국제학부,1220,JHA01402,기업윤리와지속경영,동초*,**200153,5,5,5,5,5,5,5,无,JHA01402-1220
2024,1학기,인문캠퍼스,경영대학,5887,HCA02251,원가회계,안유*,**230116,4,4,4,4,4,5,4,,HCA02251-5887
2024,1학기,인문캠퍼스,경영대학,5929,HCC04426,다국적기업론,임미*,**180457,2,4,4,4,4,4,4,,HCC04426-5929
2024,1학기,인문캠퍼스,방목기초교육대학,5285,KMA02158,디지털콘텐츠로만나는한국의문화유산,김점*,**140786,2,3,2,3,4,4,3,,KMA02158-5285
2024,1학기,인문캠퍼스,ICT융합대학,6019,HED01407,딥러닝,오민*,**220040,3,5,5,5,5,5,5,,HED01407-6019
2024,1학기,인문캠퍼스,방목기초교육대학,5146,KMA02110,철학과인간,권향*,**140714,3,4,3,3,3,4,4,대체로 어렵다고 생각한 철학을 쉽게 설명하시려고 하는거 같다.수업분량이 많아서 빠르게 진행되는거 같다.좀더 여유롭게 진행되면 좋겠다,KMA02110-5146
2024,1학기,자연캠퍼스,공과대학,726,JEH01200,토목설계기초,박만*,**130021,3,3,3,3,3,3,3,,JEH01200-0726
2024,1학기,인문캠퍼스,방목기초교육대학,5128,KMA02108,영어회화1,숀마*,**200225,5,5,5,5,5,5,5,매주 열정적인 수업 감사합니다.,KMA02108-5128
2024,1학기,인문캠퍼스,법과대학,5943,HDA01230,행정법1,방정*,**220342,3,3,2,3,3,3,3,,HDA01230-5943
2024,1학기,인문캠퍼스,방목기초교육대학,5126,KMA02108,영어회화1,숀마*,**200225,4,4,4,4,4,4,4,,KMA02108-5126
2024,1학기,자연캠퍼스,예술체육대학,966,JFD01502,바둑전문실기1,온소*,**170202,4,5,5,4,5,5,5,,JFD01502-0966
2024,1학기,인문캠퍼스,경영대학,5887,HCA02251,원가회계,안유*,**230116,5,5,5,5,5,5,5,,HCA02251-5887
2024,1학기,자연캠퍼스,공과대학,791,JEJ02424,캡스톤디자인,김상*,**901990,3,3,3,3,3,3,3,,JEJ02424-0791
2024,1학기,인문캠퍼스,경영대학,5889,HCA02310,통합마케팅커뮤니케이션,김주*,**020849,3,4,4,4,4,4,4,없습니다,HCA02310-5889
2024,1학기,인문캠퍼스,미래융합대학,6168,HFZ01201,부동산플랫폼과공유경제,박순*,**210031,4,4,4,4,4,4,4,,HFZ01201-6168
2024,1학기,자연캠퍼스,방목기초교육대학,1298,KMA02108,영어회화1,스티*,**230028,5,4,3,4,4,4,4,,KMA02108-1298
2024,1학기,인문캠퍼스,ICT융합대학,5969,HEA01203,컴퓨터프로그래밍2,이상*,**230091,3,4,4,3,5,5,4,교수님 꼼꼼하시고 좋아요. 열심히 하려고 노력하게 됩니다.,HEA01203-5969
2024,1학기,인문캠퍼스,사회과학대학,5695,HAK01365,아동과학지도,김지*,**060572,5,5,5,5,5,5,5,,HAK01365-5695
2024,1학기,자연캠퍼스,방목기초교육대학,1282,KMA02108,영어회화1,앤고*,**220099,3,3,3,4,4,4,4,없다,KMA02108-1282
2024,1학기,인문캠퍼스,방목기초교육대학,5393,KMD02145,유라시아의이해,설명*,**070325,2,3,1,3,4,4,4,,KMD02145-5393
2024,1학기,인문캠퍼스,대학,5832,HBX01105,재무관리원론,김희*,**200043,1,4,4,3,4,5,5,,HBX01105-5832
2024,1학기,자연캠퍼스,방목기초교육대학,149,KMA02125,영어회화3,크리*,**130093,4,5,5,5,5,5,5,,KMA02125-0149
2024,1학기,인문캠퍼스,방목기초교육대학,5335,KMC02226,생각담은유럽문화,권향*,**140714,4,5,5,4,4,5,5,,KMC02226-5335
2024,1학기,인문캠퍼스,대학,6255,JFG04221,모션디자인1,김민*,**190192,4,4,4,4,4,4,4,없다 ,JFG04221-6255
2024,1학기,인문캠퍼스,방목기초교육대학,5191,KMA02124,영어4,여인*,**150138,4,4,4,4,4,4,4,,KMA02124-5191
2024,1학기,자연캠퍼스,자연과학대학,554,JDE01302,세포생물학,권형*,**996103,5,5,5,5,5,5,5,,JDE01302-0554
2024,1학기,인문캠퍼스,방목기초교육대학,5294,KMB02106,서양사의이해,나영*,**160405,3,5,4,5,5,5,5,,KMB02106-5294
2024,1학기,인문캠퍼스,대학,5875,HBX01137,비즈니스모델개발,최진*,**230299,4,2,5,3,5,5,4,,HBX01137-5875
2024,1학기,자연캠퍼스,방목기초교육대학,207,KMA02153,외국인학생을위한한국문화,박용*,**170217,4,4,4,4,5,5,5,,KMA02153-0207
2024,1학기,인문캠퍼스,대학,5828,HBX01104,회계원리,박경*,**080579,1,4,3,2,4,4,4,,HBX01104-5828
2024,1학기,자연캠퍼스,대학,1154,JGA02155,건축구조의이해,김영*,**090611,5,5,5,5,5,5,5,"과제가 많지만 공부를 한다는 느낌이라서 도움이 되고, 교수님께서 열정적으로 설명을 해주셔서 이해가 되지 않는 부분도 이해를 하는지 세심하게 살펴주시는 모습이 학습에 도움이 됩니다 ",JGA02155-1154
2024,1학기,인문캠퍼스,미래융합대학,6082,HFL01301,조직행동론,박지*,**200050,5,5,5,5,5,5,5,,HFL01301-6082
2024,1학기,인문캠퍼스,사회과학대학,5646,HAH01309,학습심리,윤형*,**230023,3,4,3,3,4,3,4,,HAH01309-5646
2024,1학기,인문캠퍼스,대학,5853,HBX01126,공급사슬관리,박경*,**080024,2,4,4,3,4,4,5,,HBX01126-5853
2024,1학기,인문캠퍼스,인문대학,5620,HAF01317,청소년독서교육,장선*,**240049,2,4,5,5,5,5,5,없다,HAF01317-5620
2024,1학기,자연캠퍼스,방목기초교육대학,427,KMN02110,기초미적분학,심호*,**985046,4,4,4,4,4,4,5,,KMN02110-0427
2024,1학기,인문캠퍼스,대학,5823,HBW01202,국제금융론,이성*,**951347,4,4,4,4,4,4,4,,HBW01202-5823
2024,1학기,자연캠퍼스,방목기초교육대학,15,KMA02101,채플,교목*,**170528,3,3,4,2,3,3,3,,KMA02101-0015
2024,1학기,자연캠퍼스,공과대학,686,JEE01341,무기및재료화학,나현*,**120690,2,3,3,3,3,4,3,,JEE01341-0686
2024,1학기,자연캠퍼스,예술체육대학,1121,JFG04396,인포그래픽디자인,임경*,**070498,3,4,4,5,5,5,5,,JFG04396-1121
2024,1학기,자연캠퍼스,공과대학,821,JEN02412,신재생에너지공학,정범*,**030528,5,5,5,5,5,5,5,,JEN02412-0821
2024,1학기,자연캠퍼스,국제학부,1219,JHA01308,국제경영전략,유단*,**190107,2,5,5,5,5,5,5,,JHA01308-1219
2024,1학기,인문캠퍼스,방목기초교육대학,5259,KMA02143,한국어연습1,김소*,**140958,4,4,4,4,4,4,4,없습니다,KMA02143-5259
2024,1학기,자연캠퍼스,공과대학,880,JEP01346,열전달,임인*,**951914,3,4,3,3,3,3,4,,JEP01346-0880
2024,1학기,자연캠퍼스,예술체육대학,3003,JFC04201,전공실기1,류중*,**002309,5,5,5,5,5,5,5,,JFC04201-3003
2024,1학기,인문캠퍼스,방목기초교육대학,5025,KMA02101,채플,교목*,**180219,3,3,3,1,1,3,3,,KMA02101-5025
2024,1학기,인문캠퍼스,인문대학,5524,HAA01101,국어사,윤용*,**040598,3,3,3,3,3,4,4,없습니다,HAA01101-5524
2024,1학기,인문캠퍼스,방목기초교육대학,5010,KMA00101,성서와인간이해,오사*,**200328,1,3,3,3,4,4,4,,KMA00101-5010
2024,1학기,인문캠퍼스,방목기초교육대학,5439,KMK02106,영화로보는역사,황원*,**995016,3,3,3,3,5,5,5,,KMK02106-5439
2024,1학기,인문캠퍼스,대학,5727,HAP00019,한국어교육과정론,김지*,**160016,4,5,4,4,4,5,5,재미있습니다,HAP00019-5727
2024,1학기,인문캠퍼스,사회과학대학,5783,HBE01340,산업조직과기업행태,이호*,**981302,5,5,5,5,5,5,5,,HBE01340-5783
2024,1학기,자연캠퍼스,방목기초교육대학,279,KME02106,통계학개론,박윤*,**911002,5,5,5,5,5,5,5,,KME02106-0279
2024,1학기,자연캠퍼스,방목기초교육대학,261,KME02101,미적분학1,조규*,**010008,2,4,4,4,4,4,4,,KME02101-0261
2024,1학기,자연캠퍼스,자연과학대학,498,JDB01256,전자물리학,강치*,**020064,4,4,4,2,4,4,4,,JDB01256-0498
2024,1학기,자연캠퍼스,방목기초교육대학,29,KMA02104,글쓰기,김인*,**975210,5,5,4,4,5,5,5,내가 듣는 강의 중에 사는데 가장 큰 도움을 줄 거 같다.,KMA02104-0029
2024,1학기,인문캠퍼스,대학,6157,HFX01420,공공윤리와책임,한승*,**150057,4,5,5,4,5,5,5,,HFX01420-6157
2024,1학기,인문캠퍼스,방목기초교육대학,5360,KMD02113,인간관계와커뮤니케이션,유성*,**180385,3,2,2,2,2,2,1,,KMD02113-5360
2024,1학기,인문캠퍼스,ICT융합대학,6189,HED01206,기초웹프로그래밍,박주*,**200270,3,3,3,3,3,3,3,,HED01206-6189
2024,1학기,인문캠퍼스,방목기초교육대학,5336,KMC02227,인류문명과기록문화로의여행,김영*,**050135,3,4,4,3,5,5,5,,KMC02227-5336
2024,1학기,인문캠퍼스,인문대학,5552,HAB01311,중급영작문,이진*,**210311,3,4,3,3,4,5,5,,HAB01311-5552
2024,1학기,인문캠퍼스,사회과학대학,5733,HBA01210,행정조직론,진종*,**090101,1,5,5,3,4,5,4,,HBA01210-5733
2024,1학기,자연캠퍼스,방목기초교육대학,14,KMA02101,채플,교목*,**170528,3,3,3,3,3,3,3,,KMA02101-0014
2024,1학기,인문캠퍼스,법과대학,5935,HDA01129,민법입문,송재*,**110048,3,5,5,5,5,5,5,,HDA01129-5935
2024,1학기,자연캠퍼스,방목기초교육대학,391,KMI02101,C언어,최옥*,**150398,4,4,4,4,4,4,4,어려운 수업이지만 주로 처음하는 학생들로 구성하여 하나하나 알려주셔서 매우 감사하게 생각하고 있습니다. 다른 친구들은 C언어 수강할 때 어렵다고 많이들 얘기하는데 저희 반은 교수님께서 과제도 같이 해주시고 유튜브에도 영상이 있어서 교안을 보고 어려운 게 있으면 영상으로 배울 수 있어서 좋습니다. 늘 감사합니다!! 비록 부끄러워서 대답은 잘 안하지만.. 수업 열심히 듣고 고개도 끄덕이고 있습니다..!,KMI02101-0391
2024,1학기,자연캠퍼스,방목기초교육대학,426,KMN02110,기초미적분학,김재*,**060403,3,3,3,4,3,3,3,,KMN02110-0426
2024,1학기,인문캠퍼스,대학,5719,HAP00008,한국어한자교육론,조남*,**140006,4,4,4,4,4,4,4,없음,HAP00008-5719
2024,1학기,인문캠퍼스,인문대학,5525,HAA01102,현대문학사,이수*,**120639,3,3,3,3,3,3,3,없음,HAA01102-5525
2024,1학기,자연캠퍼스,방목기초교육대학,2,KMA00101,성서와인간이해,박용*,**170217,2,4,4,3,4,5,5,수업 좋아요.,KMA00101-0002
2024,1학기,인문캠퍼스,ICT융합대학,6005,HEC01414,캡스톤디자인,김일*,**170097,5,5,5,5,5,5,5,,HEC01414-6005
2024,1학기,자연캠퍼스,자연과학대학,529,JDD01263,실험조리및실습,서우*,**240088,3,3,3,3,3,3,3,,JDD01263-0529
2024,1학기,인문캠퍼스,방목기초교육대학,5499,KMR02102,성공학특강,이영*,**110556,3,2,4,2,4,4,2,,KMR02102-5499
2024,1학기,자연캠퍼스,공과대학,840,JEO01405,신뢰성공학,김종*,**080032,3,3,3,2,3,4,3,,JEO01405-0840
2024,1학기,자연캠퍼스,공과대학,868,JEP01245,고체역학,이용*,**230026,3,3,4,3,4,4,4,,JEP01245-0868
2024,1학기,인문캠퍼스,방목기초교육대학,5372,KMD02121,사회복지개론,이중*,**933041,3,3,3,3,5,4,4,,KMD02121-5372
2024,1학기,인문캠퍼스,방목기초교육대학,5026,KMA02101,채플,교목*,**180219,4,4,4,4,4,4,4,너무 더워요.,KMA02101-5026
2024,1학기,인문캠퍼스,방목기초교육대학,5228,KMA02131,여성·소수자·공동체,박혜*,**220044,2,3,3,3,4,4,4,,KMA02131-5228
2024,1학기,인문캠퍼스,ICT융합대학,6175,HEA01201,GUI디자인,김영*,**170032,5,5,5,5,5,5,5,,HEA01201-6175
2024,1학기,자연캠퍼스,공과대학,725,JEG02220,물질및에너지수지,김민*,**170408,5,5,5,5,5,5,5,,JEG02220-0725
2024,1학기,자연캠퍼스,방목기초교육대학,189,KMA02141,4차산업혁명과미래사회진로선택,이창*,**130016,3,3,3,3,3,3,3,,KMA02141-0189
2024,1학기,자연캠퍼스,예술체육대학,1119,JFG04295,3Dgraphics,유형*,**010271,3,5,4,4,4,4,4,,JFG04295-1119
2024,1학기,인문캠퍼스,대학,5877,HBX01138,기업재무론,김희*,**200043,3,5,5,5,5,5,5,,HBX01138-5877
2024,1학기,인문캠퍼스,방목기초교육대학,5256,KMA02142,현대사회와심리학,진성*,**150141,3,4,4,4,4,4,4,,KMA02142-5256
2024,1학기,인문캠퍼스,대학,5831,HBX01105,재무관리원론,이호*,**070072,2,3,2,3,3,3,3,,HBX01105-5831
2024,1학기,인문캠퍼스,ICT융합대학,6009,HED01202,R통계분석,이강*,**001305,5,5,5,5,5,5,5,,HED01202-6009
2024,1학기,인문캠퍼스,대학,5715,HAO00002,한국어텍스트이해,김지*,**150014,4,4,4,4,4,4,4,,HAO00002-5715
2024,1학기,자연캠퍼스,방목기초교육대학,424,KMN02110,기초미적분학,김재*,**060403,5,4,4,4,4,4,4,,KMN02110-0424
2024,1학기,인문캠퍼스,방목기초교육대학,5079,KMA02106,영어1,황은*,**150063,3,4,4,4,4,4,5,교수님께서 매우 친절하시고 강의도 이해하기 쉬워 매우 만족합니다,KMA02106-5079
2024,1학기,인문캠퍼스,인문대학,5596,HAD01380,일본어어휘의이해,이미*,**941907,4,3,4,4,4,4,4,만족 합니다 ,HAD01380-5596
2024,1학기,인문캠퍼스,인문대학,5680,HAJ01465,극적상상력과스토리텔링,양근*,**200257,3,3,4,3,4,4,3,,HAJ01465-5680
2024,1학기,인문캠퍼스,방목기초교육대학,5293,KMB02105,동양사의이해,조종*,**240069,5,5,5,5,5,5,5,,KMB02105-5293
2024,1학기,자연캠퍼스,방목기초교육대학,222,KMC02110,색채학,백지*,**190415,5,5,5,4,5,5,5,,KMC02110-0222
2024,1학기,자연캠퍼스,방목기초교육대학,460,KMQ01114,빅데이터인포그래픽(KCU),이규*,**030092,3,3,3,3,3,3,3,,KMQ01114-0460
2024,1학기,자연캠퍼스,방목기초교육대학,423,KMM02181,자기경영과실전취업준비,홍주*,**140769,3,4,4,4,4,4,5,,KMM02181-0423
2024,1학기,인문캠퍼스,방목기초교육대학,5165,KMA02114,민주주의와현대사회,윤홍*,**983049,3,3,3,3,3,3,3,,KMA02114-5165
2024,1학기,자연캠퍼스,방목기초교육대학,173,KMA02140,4차산업혁명을위한비판적사고,손성*,**130187,3,4,5,4,5,5,4,,KMA02140-0173